{"model_200_mwr_0.4": [{"TP": 0, "TN": 9457, "FP": 5560, "FN": 19}, 2.3363309352517985], "model_200_mwr_0.5": [{"TP": 0, "TN": 9436, "FP": 5560, "FN": 40}, 2.8971223021582735], "model_10-10_mwr_0.3": [{"TP": 0, "TN": 9426, "FP": 5560, "FN": 50}, 2.6386690647482016], "model_10-10_mwr_0.4": [{"TP": 0, "TN": 9391, "FP": 5560, "FN": 85}, 2.8465827338129497], "model_10-10_mwr_0.5": [{"TP": 0, "TN": 9260, "FP": 5560, "FN": 216}, 2.76205035971223], "model_10-200_mwr_0.3": [{"TP": 0, "TN": 9460, "FP": 5560, "FN": 16}, 2.3814748201438847], "model_10-200_mwr_0.4": [{"TP": 0, "TN": 9369, "FP": 5560, "FN": 107}, 2.596402877697842], "model_10-200_mwr_0.5": [{"TP": 0, "TN": 9397, "FP": 5560, "FN": 79}, 2.3649280575539566], "model_200-10_mwr_0.3": [{"TP": 0, "TN": 9475, "FP": 5560, "FN": 1}, 2.9825539568345323], "model_200-10_mwr_0.4": [{"TP": 0, "TN": 9440, "FP": 5560, "FN": 36}, 3.239748201438849], "model_200-10_mwr_0.5": [{"TP": 0, "TN": 9404, "FP": 5560, "FN": 72}, 3.0339928057553958], "model_50-50_mwr_0.3": [{"TP": 0, "TN": 9466, "FP": 5560, "FN": 10}, 2.515107913669065], "model_50-50_mwr_0.4": [{"TP": 0, "TN": 9432, "FP": 5560, "FN": 44}, 2.9613309352517985], "model_50-50_mwr_0.5": [{"TP": 0, "TN": 9350, "FP": 5560, "FN": 126}, 3.069064748201439], "model_50-200_mwr_0.3": [{"TP": 0, "TN": 9418, "FP": 5560, "FN": 58}, 3.0794964028776977], "model_50-200_mwr_0.4": [{"TP": 0, "TN": 9446, "FP": 5560, "FN": 30}, 2.8399280575539567], "model_50-200_mwr_0.5": [{"TP": 0, "TN": 9369, "FP": 5560, "FN": 107}, 2.9197841726618705], "model_200-50_mwr_0.3": [{"TP": 0, "TN": 9474, "FP": 5560, "FN": 2}, 3.035431654676259], "model_200-50_mwr_0.4": [{"TP": 0, "TN": 9457, "FP": 5560, "FN": 19}, 3.060431654676259], "model_200-50_mwr_0.5": [{"TP": 0, "TN": 9404, "FP": 5560, "FN": 72}, 3.3800359712230215], "model_100-200_mwr_0.4": [{"TP": 0, "TN": 9438, "FP": 5560, "FN": 38}, 2.7232014388489207], "model_200-100_mwr_0.4": [{"TP": 0, "TN": 9455, "FP": 5560, "FN": 21}, 3.222841726618705], "model_200-100_mwr_0.5": [{"TP": 0, "TN": 9355, "FP": 5560, "FN": 121}, 3.314208633093525], "model_200-200_mwr_0.1": [{"TP": 0, "TN": 9474, "FP": 5560, "FN": 2}, 2.523201438848921], "model_200-200_mwr_0.2": [{"TP": 0, "TN": 9474, "FP": 5560, "FN": 2}, 3.098021582733813], "model_200-200_mwr_0.3": [{"TP": 0, "TN": 9461, "FP": 5560, "FN": 15}, 3.7030575539568344], "model_200-200_mwr_0.4": [{"TP": 0, "TN": 9437, "FP": 5560, "FN": 39}, 3.235431654676259], "model_200-200_mwr_0.5": [{"TP": 0, "TN": 9413, "FP": 5560, "FN": 63}, 3.3823741007194243], "model_200-300_mwr_0.3": [{"TP": 0, "TN": 9472, "FP": 5560, "FN": 4}, 3.008273381294964], "model_200-300_mwr_0.4": [{"TP": 0, "TN": 9465, "FP": 5560, "FN": 11}, 3.0573741007194246], "model_300-200_mwr_0.2": [{"TP": 0, "TN": 9472, "FP": 5560, "FN": 4}, 2.9113309352517986], "model_300-200_mwr_0.4": [{"TP": 0, "TN": 9446, "FP": 5560, "FN": 30}, 3.063129496402878], "model_200-200-200_mwr_0.1": [{"TP": 0, "TN": 9471, "FP": 5560, "FN": 5}, 2.9239208633093523], "model_200-200-200_mwr_0.4": [{"TP": 0, "TN": 9459, "FP": 5560, "FN": 17}, 3.216187050359712], "model_200-200-200-200_mwr_0.4": [{"TP": 0, "TN": 9455, "FP": 5560, "FN": 21}, 3.3321942446043167], "model_200-200-200-200_mwr_0.5": [{"TP": 0, "TN": 9410, "FP": 5560, "FN": 66}, 3.6782374100719424]}